bye	Bye bye! Come back soon!
comfort-1	Try again!
comfort-2	Almost!
comfort-3	You can do it!
dress-1	I love it!
dress-2	So pretty!
dress-3	How do I look?
dress-4	Thank you!
dress-empty	Play a game to win a gift!
dress-intro	Let's dress up!
find	Can you find the letter
fits	Which word fits?
gift-1	Here is a gift for you!
gift-2	Look what I got!
gift-3	A present! Thank you!
heart	A heart for you!
hello	Hi! I'm Pink Kitty!
hello-fun	Let's have fun!
letter-a	A.
letter-b	B.
letter-c	C.
letter-d	D.
letter-e	E.
letter-f	F.
letter-g	G.
letter-h	H.
letter-i	I.
letter-j	J.
letter-k	K.
letter-l	L.
letter-m	M.
letter-n	N.
letter-o	O.
letter-p	P.
letter-q	Q.
letter-r	R.
letter-s	S.
letter-t	T.
letter-u	U.
letter-v	V.
letter-w	W.
letter-x	X.
letter-y	Y.
letter-z	Z.
party-1	You did it! Good job!
party-2	Hooray! You are a star!
party-3	That was so much fun!
party-4	You are amazing!
party-5	I am so proud of you!
party-6	Wow! You are so clever!
party-7	High five! Well done!
party-8	Yay! Let's celebrate!
pounce-1	Got it!
pounce-2	Pounce!
pounce-3	Whee!
praise-1	Good job!
praise-10	Nice one!
praise-11	Hooray!
praise-12	Fantastic!
praise-2	Yay!
praise-3	Well done!
praise-4	Super!
praise-5	Wow!
praise-6	Great!
praise-7	You got it!
praise-8	Perfect!
praise-9	Amazing!
says-intro	Listen, and type what I say.
snack-intro	I'm hungry! Can you feed me?
starts	What does this word start with?
starts-intro	What letter does the word start with?
story-a-baby-cat-is-called-a-kitten	A baby cat is called a kitten.
story-a-baby-dog-is-called-a-puppy	A baby dog is called a puppy.
story-a-bee-makes-honey	A bee makes honey.
story-a-bird-can-fly-in-the-sky	A bird can fly in the sky.
story-a-cat-says-meow	A cat says meow.
story-a-caterpillar-turns-into-a-butterfly	A caterpillar turns into a butterfly.
story-a-cow-says-moo	A cow says moo.
story-a-dog-says-woof	A dog says woof.
story-a-duck-says-quack	A duck says quack.
story-a-fish-can-swim	A fish can swim.
story-a-kitty-has-four-legs	A kitty has four legs.
story-a-library-is-full-of-books	A library is full of books.
story-a-triangle-has-three-sides	A triangle has three sides.
story-after-winter-comes-spring	After winter comes spring.
story-apples-grow-on-a-tree	Apples grow on a tree.
story-at-night-we-can-see-the-moon-and-the-stars	At night we can see the moon and the stars.
story-bees-fly-from-flower-to-flower-to-collect-nectar	Bees fly from flower to flower to collect nectar.
story-before-we-cross-the-road-we-look-left-and-right	Before we cross the road, we look left and right.
story-grass-is-green	Grass is green.
story-honey-is-made-by-bees	Honey is made by bees.
story-i-brush-my-teeth-every-day	I brush my teeth every day.
story-i-hear-with-my-ears	I hear with my ears.
story-i-put-a-hat-on-my-head	I put a hat on my head.
story-i-put-socks-on-my-feet	I put socks on my feet.
story-i-see-with-my-eyes	I see with my eyes.
story-i-sleep-in-my-bed	I sleep in my bed.
story-i-wave-to-say-hello	I wave to say hello.
story-ice-melts-when-it-gets-warm	Ice melts when it gets warm.
story-intro	Story time! Pick the word that fits.
story-penguins-are-birds-that-cannot-fly	Penguins are birds that cannot fly.
story-pink-kitty-has-a-pink-scarf	Pink Kitty has a pink scarf.
story-pink-kitty-likes-to-drink-milk	Pink Kitty likes to drink milk.
story-pink-kitty-loves-to-eat-fish	Pink Kitty loves to eat fish.
story-pink-kitty-said-thank-you-because-she-is-very-polite	Pink Kitty said thank you because she is very polite.
story-pink-kitty-shared-her-fish-with-her-friend-because-sharing-is-kind	Pink Kitty shared her fish with her friend because sharing is kind.
story-pink-kitty-wrapped-her-scarf-around-her-neck-because-it-was-cold-outside	Pink Kitty wrapped her scarf around her neck because it was cold outside.
story-plants-need-water-and-sunlight-to-grow	Plants need water and sunlight to grow.
story-rain-falls-from-the-sky	Rain falls from the sky.
story-seven-days-make-one-week	Seven days make one week.
story-snow-is-cold	Snow is cold.
story-the-baby-bird-hatched-out-of-an-egg	The baby bird hatched out of an egg.
story-the-first-meal-of-the-day-is-breakfast	The first meal of the day is breakfast.
story-the-frog-can-jump-very-high	The frog can jump very high.
story-the-moon-comes-out-at-night	The moon comes out at night.
story-the-opposite-of-big-is-small	The opposite of big is small.
story-the-opposite-of-happy-is-sad	The opposite of happy is sad.
story-the-sky-is-blue	The sky is blue.
story-the-sun-is-very-hot	The sun is very hot.
story-the-sun-rises-in-the-morning	The sun rises in the morning.
story-we-eat-soup-with-a-spoon	We eat soup with a spoon.
story-we-read-a-book-at-bedtime	We read a book at bedtime.
story-we-say-sorry-when-we-make-a-mistake	We say sorry when we make a mistake.
story-we-use-an-umbrella-when-it-rains	We use an umbrella when it rains.
story-we-wash-our-hands-with-soap-and-water	We wash our hands with soap and water.
story-whales-live-in-the-ocean	Whales live in the ocean.
story-when-it-rains-and-the-sun-shines-you-might-see-a-rainbow	When it rains and the sun shines, you might see a rainbow.
story-when-we-are-tired-we-go-to-sleep	When we are tired, we go to sleep.
type	Can you type
what-do	What shall we do?
word-ant	ant.
word-apple	apple.
word-arm	arm.
word-autumn	autumn.
word-baby	baby.
word-bag	bag.
word-ball	ball.
word-balloon	balloon.
word-banana	banana.
word-basket	basket.
word-bat	bat.
word-bath	bath.
word-beach	beach.
word-bear	bear.
word-bed	bed.
word-bee	bee.
word-bell	bell.
word-bird	bird.
word-birthday	birthday.
word-blanket	blanket.
word-blue	blue.
word-boat	boat.
word-book	book.
word-bow	bow.
word-box	box.
word-bread	bread.
word-bridge	bridge.
word-brother	brother.
word-brown	brown.
word-bug	bug.
word-bunny	bunny.
word-bus	bus.
word-butter	butter.
word-butterfly	butterfly.
word-button	button.
word-cake	cake.
word-candy	candy.
word-car	car.
word-carrot	carrot.
word-castle	castle.
word-cat	cat.
word-chair	chair.
word-cheese	cheese.
word-cherry	cherry.
word-chick	chick.
word-circus	circus.
word-clap	clap.
word-clock	clock.
word-cloud	cloud.
word-coat	coat.
word-comb	comb.
word-cookie	cookie.
word-corn	corn.
word-cow	cow.
word-crab	crab.
word-cup	cup.
word-dance	dance.
word-deer	deer.
word-desk	desk.
word-dinosaur	dinosaur.
word-dog	dog.
word-dolphin	dolphin.
word-door	door.
word-dream	dream.
word-drum	drum.
word-duck	duck.
word-eagle	eagle.
word-egg	egg.
word-elephant	elephant.
word-family	family.
word-farm	farm.
word-father	father.
word-fig	fig.
word-fish	fish.
word-foot	foot.
word-forest	forest.
word-fox	fox.
word-friend	friend.
word-frog	frog.
word-garden	garden.
word-gate	gate.
word-giraffe	giraffe.
word-goat	goat.
word-gold	gold.
word-goose	goose.
word-grape	grape.
word-green	green.
word-hand	hand.
word-happy	happy.
word-hat	hat.
word-hen	hen.
word-hill	hill.
word-home	home.
word-honey	honey.
word-hop	hop.
word-horse	horse.
word-house	house.
word-hug	hug.
word-ice	ice.
word-ink	ink.
word-island	island.
word-jam	jam.
word-jar	jar.
word-jet	jet.
word-juice	juice.
word-jump	jump.
word-key	key.
word-kind	kind.
word-king	king.
word-kite	kite.
word-kitten	kitten.
word-kitty	kitty.
word-koala	koala.
word-ladybug	ladybug.
word-lamb	lamb.
word-lamp	lamp.
word-laugh	laugh.
word-leaf	leaf.
word-leg	leg.
word-lemon	lemon.
word-lid	lid.
word-light	light.
word-lion	lion.
word-log	log.
word-love	love.
word-map	map.
word-melon	melon.
word-milk	milk.
word-monkey	monkey.
word-moon	moon.
word-mop	mop.
word-mother	mother.
word-mouse	mouse.
word-mud	mud.
word-muffin	muffin.
word-music	music.
word-nest	nest.
word-net	net.
word-nose	nose.
word-nut	nut.
word-ocean	ocean.
word-orange	orange.
word-owl	owl.
word-paint	paint.
word-pan	pan.
word-panda	panda.
word-paper	paper.
word-park	park.
word-parrot	parrot.
word-peach	peach.
word-pear	pear.
word-pen	pen.
word-pencil	pencil.
word-penguin	penguin.
word-picnic	picnic.
word-pie	pie.
word-pig	pig.
word-pillow	pillow.
word-pink	pink.
word-planet	planet.
word-plate	plate.
word-play	play.
word-plum	plum.
word-pond	pond.
word-pony	pony.
word-pot	pot.
word-potato	potato.
word-pumpkin	pumpkin.
word-puppy	puppy.
word-purple	purple.
word-rabbit	rabbit.
word-rain	rain.
word-rainbow	rainbow.
word-rat	rat.
word-read	read.
word-red	red.
word-ribbon	ribbon.
word-rice	rice.
word-ring	ring.
word-river	river.
word-road	road.
word-robin	robin.
word-rocket	rocket.
word-rug	rug.
word-run	run.
word-school	school.
word-sea	sea.
word-seal	seal.
word-shark	shark.
word-sheep	sheep.
word-ship	ship.
word-shoe	shoe.
word-sing	sing.
word-sister	sister.
word-sky	sky.
word-sleep	sleep.
word-smile	smile.
word-snail	snail.
word-snow	snow.
word-soap	soap.
word-sock	sock.
word-soft	soft.
word-soup	soup.
word-spider	spider.
word-spoon	spoon.
word-spring	spring.
word-star	star.
word-storm	storm.
word-story	story.
word-summer	summer.
word-sun	sun.
word-sunshine	sunshine.
word-swan	swan.
word-table	table.
word-tiger	tiger.
word-tomato	tomato.
word-top	top.
word-toy	toy.
word-train	train.
word-tree	tree.
word-truck	truck.
word-turtle	turtle.
word-van	van.
word-wagon	wagon.
word-warm	warm.
word-water	water.
word-wave	wave.
word-web	web.
word-whale	whale.
word-window	window.
word-winter	winter.
word-wolf	wolf.
word-yellow	yellow.
word-yogurt	yogurt.
word-zebra	zebra.
word-zip	zip.
yarn-intro	Let's play with yarn! Press the letters.
yum-1	Yummy!
yum-2	Yum, tasty!
yum-3	Delicious!
yum-4	Thank you!
yum-5	More please!
